{"count":1,"self":996.1602048,"total":3270.7387154,"children":{"InitializeActuators":{"count":7,"self":0.0010023999999999999,"total":0.0010023999999999999,"children":null},"InitializeSensors":{"count":7,"self":0.0019997,"total":0.0019997,"children":null},"AgentSendState":{"count":1970667,"self":51.839036799999995,"total":102.9004358,"children":{"CollectObservations":{"count":2758938,"self":5.1398348,"total":5.1398347,"children":null},"WriteActionMask":{"count":2758938,"self":1.4028764999999999,"total":1.4028764999999999,"children":null},"RequestDecision":{"count":2758938,"self":5.01331,"total":44.518688999999995,"children":{"AgentInfo.ToProto":{"count":2758938,"self":4.9486564,"total":39.5053791,"children":{"GenerateSensorData":{"count":2758938,"self":31.750902399999998,"total":34.5567226,"children":{"RayPerceptionSensor.Perceive":{"count":2758938,"self":2.8058196,"total":2.8058196,"children":null}}}}}}}}},"DecideAction":{"count":1970667,"self":2150.0659711999997,"total":2150.0660571999997,"children":null},"AgentAct":{"count":1970667,"self":21.5770688,"total":21.5770691,"children":null},"AgentInfo.ToProto":{"count":1160,"self":0.0050022,"total":0.030996199999999998,"children":{"GenerateSensorData":{"count":1160,"self":0.0199933,"total":0.025994,"children":{"RayPerceptionSensor.Perceive":{"count":1160,"self":0.0060006999999999994,"total":0.0060006999999999994,"children":null}}}}}},"gauges":{"MAPS.CumulativeReward":{"count":1160,"max":0,"min":0,"runningAverage":0,"value":0,"weightedAverage":0}},"metadata":{"timer_format_version":"0.1.0","start_time_seconds":"1651440471","unity_version":"2020.3.29f1","command_line_arguments":"C:\\Program Files\\Unity\\Hub\\Editor\\2020.3.29f1\\Editor\\Unity.exe -projectpath C:\\Users\\Johannes\\Multi Agent Platform Stabilization -useHub -hubIPC -cloudEnvironment production -licensingIpc LicenseClient-5XgOs-rRKxHeul3a8iqXr -hubSessionId 81ffa130-c93b-11ec-a604-cbe6d2079877","communication_protocol_version":"1.5.0","com.unity.ml-agents_version":"2.3.0-exp.2","scene_name":"MAPSSingle","end_time_seconds":"1651443741"}}